,p1_points/total_points ,p2_points/total_points,p1_pending_points/total_pending_points,p2_pending_points/total_pending_points
0,0.0,0.0,0.0,0.0
1,0.0,0.0,0.0,0.0
2,0.0,1.0,0.0,0.0
3,0.0,1.0,0.0,0.0
4,0.0,1.0,0.0,0.0
5,0.0,1.0,0.0,0.0
6,0.0,1.0,0.0,0.0
7,0.0,1.0,0.0,0.0
8,0.0,1.0,0.0,0.0
9,0.0,1.0,0.0,0.0
10,0.0,1.0,0.0,0.0
11,0.0,1.0,0.0,0.0
12,0.0,0.0,0.0,0.0
13,0.0,0.0,0.0,0.0
14,0.0,1.0,0.0,0.0
15,0.0,1.0,0.0,0.0
16,0.46153846153846156,0.5384615384615384,0.0,0.0
17,0.46153846153846156,0.5384615384615384,0.0,0.0
18,0.7941176470588235,0.20588235294117646,0.0,0.0
19,0.7941176470588235,0.20588235294117646,0.0,0.0
20,0.6923076923076923,0.3076923076923077,0.0,0.0
21,0.6923076923076923,0.3076923076923077,0.0,0.0
22,0.7735849056603774,0.22641509433962265,0.0,0.0
23,0.7735849056603774,0.22641509433962265,0.0,0.0
24,0.6212121212121212,0.3787878787878788,0.0,0.0
25,0.6212121212121212,0.3787878787878788,0.0,0.0
26,0.6875,0.3125,0.0,0.0
27,0.6875,0.3125,0.0,0.0
28,0.7058823529411765,0.29411764705882354,0.0,0.0
29,0.7058823529411765,0.29411764705882354,0.0,0.0
30,0.0,0.0,0.0,0.0
31,0.0,0.0,0.0,0.0
32,0.0,1.0,0.0,0.0
33,0.0,1.0,0.0,0.0
34,0.0,1.0,0.0,0.0
35,0.0,1.0,0.0,0.0
36,0.26666666666666666,0.7333333333333333,0.0,0.0
37,0.26666666666666666,0.7333333333333333,0.0,0.0
38,0.2033898305084746,0.7966101694915254,0.0,0.0
39,0.2033898305084746,0.7966101694915254,0.0,0.0
40,0.1875,0.8125,0.0,0.0
41,0.1875,0.8125,0.0,0.0
42,0.2676056338028169,0.7323943661971831,0.0,0.0
43,0.2676056338028169,0.7323943661971831,0.0,0.0
44,0.0,0.0,0.0,0.0
45,0.0,0.0,0.0,0.0
46,0.0,1.0,0.0,0.0
47,0.0,1.0,0.0,0.0
48,0.0,1.0,0.0,0.0
49,0.0,1.0,0.0,0.0
50,0.0,1.0,0.0,1.0
51,0.0,0.0,0.0,0.0
52,0.0,0.0,0.0,0.0
53,0.0,1.0,0.0,0.0
54,0.0,1.0,0.0,0.0
55,0.0,1.0,0.0,0.0
56,0.0,1.0,0.0,0.0
57,0.2765957446808511,0.723404255319149,0.0,0.0
58,0.2765957446808511,0.723404255319149,0.0,0.0
59,0.45161290322580644,0.5483870967741935,0.0,0.0
60,0.45161290322580644,0.5483870967741935,0.0,0.0
61,0.4925373134328358,0.5074626865671642,0.0,0.0
62,0.4925373134328358,0.5074626865671642,0.0,0.0
63,0.44594594594594594,0.5540540540540541,0.0,0.0
64,0.44594594594594594,0.5540540540540541,0.0,0.0
65,0.3707865168539326,0.6292134831460674,0.0,0.0
66,0.3707865168539326,0.6292134831460674,0.0,0.0
67,0.0,0.0,0.0,0.0
68,0.0,0.0,0.0,0.0
69,0.0,1.0,0.0,0.0
70,0.0,1.0,0.0,0.0
71,0.0,1.0,0.0,0.0
72,0.0,1.0,0.0,0.0
73,0.0,1.0,0.0,0.0
74,0.0,1.0,0.0,1.0
75,0.0,0.0,0.0,0.0
76,0.0,0.0,0.0,0.0
77,1.0,0.0,0.0,0.0
78,1.0,0.0,0.0,0.0
79,1.0,0.0,0.0,0.0
80,1.0,0.0,0.0,0.0
81,1.0,0.0,0.0,0.0
82,1.0,0.0,0.0,0.0
83,0.7272727272727273,0.2727272727272727,0.0,0.0
84,0.7272727272727273,0.2727272727272727,0.0,0.0
85,0.49230769230769234,0.5076923076923077,0.0,0.0
86,0.49230769230769234,0.5076923076923077,0.0,0.0
87,0.6206896551724138,0.3793103448275862,0.0,0.0
88,0.6206896551724138,0.3793103448275862,1.0,0.0
89,0.0,0.0,0.0,0.0
90,0.0,0.0,0.0,0.0
91,0.0,1.0,0.0,0.0
92,0.0,1.0,0.0,0.0
93,0.0,1.0,0.0,0.0
94,0.0,1.0,0.0,0.0
95,0.0,1.0,0.0,0.0
96,0.0,1.0,0.0,0.0
97,0.0,1.0,0.0,0.0
98,0.0,1.0,0.0,0.0
99,0.11320754716981132,0.8867924528301887,0.0,0.0
100,0.11320754716981132,0.8867924528301887,0.0,0.0
101,0.08823529411764706,0.9117647058823529,0.0,0.0
102,0.08823529411764706,0.9117647058823529,0.0,0.0
103,0.225,0.775,0.0,0.0
104,0.225,0.775,0.0,0.0
105,0.0,0.0,0.0,0.0
106,0.0,0.0,0.0,0.0
107,1.0,0.0,0.0,0.0
108,1.0,0.0,0.0,0.0
109,1.0,0.0,0.0,0.0
110,1.0,0.0,0.0,0.0
111,0.8292682926829268,0.17073170731707318,0.0,0.0
112,0.8292682926829268,0.17073170731707318,0.0,0.0
113,0.6415094339622641,0.3584905660377358,0.0,0.0
114,0.6415094339622641,0.3584905660377358,0.0,0.0
115,0.5666666666666667,0.43333333333333335,0.0,0.0
116,0.5666666666666667,0.43333333333333335,0.0,1.0
117,0.6060606060606061,0.3939393939393939,0.0,1.0
118,0.6060606060606061,0.3939393939393939,0.0,1.0
119,0.675,0.325,0.0,1.0
120,0.675,0.325,0.0,1.0
121,0.0,0.0,0.0,0.0
122,0.0,0.0,0.0,0.0
123,0.0,1.0,0.0,0.0
124,0.0,1.0,0.0,0.0
125,0.52,0.48,0.0,0.0
126,0.52,0.48,0.0,0.0
127,0.7446808510638298,0.2553191489361702,0.0,0.0
128,0.7446808510638298,0.2553191489361702,0.0,0.0
129,0.6481481481481481,0.35185185185185186,0.0,0.0
130,0.6481481481481481,0.35185185185185186,0.0,0.0
131,0.7164179104477612,0.2835820895522388,0.0,0.0
132,0.7164179104477612,0.2835820895522388,0.0,0.0
133,0.7654320987654321,0.2345679012345679,0.0,0.0
134,0.7654320987654321,0.2345679012345679,0.0,0.0
135,0.7126436781609196,0.28735632183908044,0.0,0.0
136,0.7126436781609196,0.28735632183908044,0.0,1.0
137,0.0,0.0,0.0,0.0
138,0.0,0.0,0.0,0.0
139,1.0,0.0,0.0,0.0
140,1.0,0.0,0.0,0.0
141,1.0,0.0,0.0,0.0
142,1.0,0.0,0.0,0.0
143,1.0,0.0,0.0,0.0
144,1.0,0.0,0.0,0.0
145,1.0,0.0,0.0,0.0
146,1.0,0.0,0.0,0.0
147,1.0,0.0,0.0,0.0
148,1.0,0.0,0.0,0.0
149,0.6612903225806451,0.3387096774193548,0.0,0.0
150,0.6612903225806451,0.3387096774193548,0.0,0.0
151,0.5394736842105263,0.4605263157894737,0.0,0.0
152,0.5394736842105263,0.4605263157894737,0.0,0.0
153,0.45555555555555555,0.5444444444444444,0.0,0.0
154,0.45555555555555555,0.5444444444444444,0.0,0.0
155,0.0,0.0,0.0,0.0
156,0.0,0.0,0.0,0.0
157,0.0,1.0,0.0,0.0
158,0.0,1.0,0.0,1.0
159,0.0,1.0,0.0,0.0
160,0.0,1.0,0.0,0.0
161,0.0,1.0,0.0,0.0
162,0.0,1.0,0.0,0.0
163,0.0,0.0,0.0,0.0
164,0.0,0.0,0.0,0.0
165,0.0,1.0,0.0,0.0
166,0.0,1.0,0.0,0.0
167,0.0,1.0,0.0,0.0
168,0.0,1.0,0.0,0.0
169,0.0,1.0,0.0,0.0
170,0.0,1.0,0.0,0.0
171,0.0,1.0,0.0,0.0
172,0.0,1.0,0.0,0.0
173,0.0,1.0,0.0,0.0
174,0.0,1.0,0.0,0.0
175,0.0,1.0,0.0,0.0
176,0.0,1.0,0.0,0.0
177,0.1875,0.8125,0.0,0.0
178,0.1875,0.8125,0.0,0.0
179,0.2441860465116279,0.7558139534883721,0.0,0.0
180,0.2441860465116279,0.7558139534883721,0.0,0.0
181,0.3925233644859813,0.6074766355140186,0.0,0.0
182,0.3925233644859813,0.6074766355140186,0.0,0.0
183,0.0,0.0,0.0,0.0
184,0.0,0.0,0.0,0.0
185,0.0,0.0,0.0,0.0
186,1.0,0.0,0.0,0.0
187,1.0,0.0,0.0,0.0
188,1.0,0.0,0.0,0.0
189,1.0,0.0,0.0,0.0
190,0.8181818181818182,0.18181818181818182,0.0,0.0
191,0.8181818181818182,0.18181818181818182,0.0,0.0
192,0.5869565217391305,0.41304347826086957,0.0,0.0
193,0.5869565217391305,0.41304347826086957,0.0,0.0
194,0.5192307692307693,0.4807692307692308,0.0,0.0
195,0.5192307692307693,0.4807692307692308,0.0,0.0
196,0.5689655172413793,0.43103448275862066,0.0,0.0
197,0.5689655172413793,0.43103448275862066,0.0,0.0
198,0.6575342465753424,0.3424657534246575,0.0,0.0
199,0.6575342465753424,0.3424657534246575,0.0,0.0
200,0.5647058823529412,0.43529411764705883,0.0,0.0
201,0.5647058823529412,0.43529411764705883,0.0,0.0
202,0.4528301886792453,0.5471698113207547,0.0,0.0
203,0.4528301886792453,0.5471698113207547,0.0,0.0
204,0.0,0.0,0.0,0.0
205,0.0,0.0,0.0,0.0
206,1.0,0.0,0.0,0.0
207,1.0,0.0,0.0,0.0
208,1.0,0.0,0.0,0.0
209,1.0,0.0,0.0,0.0
210,0.43478260869565216,0.5652173913043478,0.0,0.0
211,0.43478260869565216,0.5652173913043478,0.0,0.0
212,0.2702702702702703,0.7297297297297297,0.0,0.0
213,0.2702702702702703,0.7297297297297297,0.0,0.0
214,0.2222222222222222,0.7777777777777778,0.0,0.0
215,0.2222222222222222,0.7777777777777778,0.0,0.0
216,0.39655172413793105,0.603448275862069,0.0,0.0
217,0.39655172413793105,0.603448275862069,0.0,0.0
218,0.46153846153846156,0.5384615384615384,0.0,0.0
219,0.46153846153846156,0.5384615384615384,0.0,0.0
220,0.379746835443038,0.620253164556962,0.0,0.0
221,0.379746835443038,0.620253164556962,0.0,0.0
222,0.5050505050505051,0.494949494949495,0.0,0.0
223,0.5050505050505051,0.494949494949495,0.0,0.0
224,0.0,0.0,0.0,0.0
225,0.0,0.0,0.0,0.0
226,0.0,1.0,0.0,0.0
227,0.0,1.0,0.0,0.0
228,0.0,1.0,0.0,0.0
229,0.0,1.0,0.0,0.0
230,0.4489795918367347,0.5510204081632653,0.0,0.0
231,0.4489795918367347,0.5510204081632653,0.0,0.0
232,0.5645161290322581,0.43548387096774194,0.0,0.0
233,0.5645161290322581,0.43548387096774194,0.0,0.0
234,0.4605263157894737,0.5394736842105263,0.0,0.0
235,0.4605263157894737,0.5394736842105263,0.0,1.0
236,0.5494505494505495,0.45054945054945056,0.0,1.0
237,0.5494505494505495,0.45054945054945056,0.0,1.0
238,0.6019417475728155,0.39805825242718446,0.0,1.0
239,0.6019417475728155,0.39805825242718446,0.0,1.0
240,0.0,0.0,0.0,0.0
241,0.0,0.0,0.0,0.0
242,1.0,0.0,0.0,0.0
243,1.0,0.0,0.0,0.0
244,0.3684210526315789,0.631578947368421,0.0,0.0
245,0.3684210526315789,0.631578947368421,0.0,0.0
246,0.175,0.825,0.0,0.0
247,0.175,0.825,0.0,0.0
248,0.15217391304347827,0.8478260869565217,0.0,0.0
249,0.15217391304347827,0.8478260869565217,0.0,0.0
250,0.14,0.86,0.0,0.0
251,0.14,0.86,0.0,1.0
252,0.3384615384615385,0.6615384615384615,0.0,1.0
253,0.3384615384615385,0.6615384615384615,0.0,1.0
254,0.0,0.0,0.0,0.0
255,0.0,0.0,0.0,0.0
256,0.0,1.0,0.0,0.0
257,0.0,1.0,0.0,0.0
258,0.5454545454545454,0.45454545454545453,0.0,0.0
259,0.5454545454545454,0.45454545454545453,0.0,0.0
260,0.25,0.75,0.0,0.0
261,0.25,0.75,0.0,0.0
262,0.16216216216216217,0.8378378378378378,0.0,0.0
263,0.16216216216216217,0.8378378378378378,0.0,0.0
264,0.13636363636363635,0.8636363636363636,0.0,0.0
265,0.13636363636363635,0.8636363636363636,0.0,0.0
266,0.4153846153846154,0.5846153846153846,0.0,0.0
267,0.4153846153846154,0.5846153846153846,0.0,0.0
268,0.34177215189873417,0.6582278481012658,0.0,0.0
269,0.34177215189873417,0.6582278481012658,0.0,0.0
270,0.43478260869565216,0.5652173913043478,0.0,0.0
271,0.43478260869565216,0.5652173913043478,0.0,0.0
272,0.38095238095238093,0.6190476190476191,0.0,0.0
273,0.38095238095238093,0.6190476190476191,0.0,0.0
274,0.0,0.0,0.0,0.0
275,0.0,0.0,0.0,0.0
276,0.0,0.0,0.0,0.0
277,1.0,0.0,0.0,0.0
278,1.0,0.0,0.0,0.0
279,1.0,0.0,0.0,0.0
280,1.0,0.0,0.0,0.0
281,1.0,0.0,0.0,0.0
282,1.0,0.0,0.0,0.0
283,1.0,0.0,0.0,0.0
284,1.0,0.0,0.0,0.0
285,0.7941176470588235,0.20588235294117646,0.0,0.0
286,0.7941176470588235,0.20588235294117646,0.0,0.0
287,0.0,0.0,0.0,0.0
288,0.0,0.0,0.0,0.0
289,1.0,0.0,0.0,0.0
290,1.0,0.0,0.0,0.0
291,1.0,0.0,0.0,0.0
292,1.0,0.0,0.0,0.0
293,1.0,0.0,0.0,0.0
294,1.0,0.0,0.0,0.0
295,1.0,0.0,0.0,0.0
296,1.0,0.0,0.0,0.0
297,1.0,0.0,0.0,0.0
298,1.0,0.0,0.0,0.0
299,0.0,0.0,0.0,0.0
300,0.0,0.0,0.0,0.0
301,0.0,1.0,0.0,0.0
302,0.0,1.0,0.0,0.0
303,0.5357142857142857,0.4642857142857143,0.0,0.0
304,0.5357142857142857,0.4642857142857143,0.0,0.0
305,0.6176470588235294,0.38235294117647056,0.0,0.0
306,0.6176470588235294,0.38235294117647056,0.0,0.0
307,0.7636363636363637,0.23636363636363636,0.0,0.0
308,0.7636363636363637,0.23636363636363636,0.0,0.0
309,0.7833333333333333,0.21666666666666667,0.0,0.0
310,0.7833333333333333,0.21666666666666667,0.0,0.0
311,0.8266666666666667,0.17333333333333334,0.0,0.0
312,0.8266666666666667,0.17333333333333334,0.0,0.0
313,0.6966292134831461,0.30337078651685395,0.0,0.0
314,0.6966292134831461,0.30337078651685395,0.0,0.0
315,0.0,0.0,0.0,0.0
316,0.0,0.0,0.0,0.0
317,1.0,0.0,0.0,0.0
318,1.0,0.0,0.0,0.0
319,1.0,0.0,0.0,0.0
320,1.0,0.0,0.0,0.0
321,1.0,0.0,0.0,0.0
322,1.0,0.0,0.0,0.0
323,1.0,0.0,0.0,0.0
324,1.0,0.0,0.0,0.0
325,1.0,0.0,0.0,0.0
326,0.7857142857142857,0.21428571428571427,0.0,0.0
327,0.7857142857142857,0.21428571428571427,0.0,0.0
328,0.7972972972972973,0.20270270270270271,0.0,0.0
329,0.7972972972972973,0.20270270270270271,0.0,0.0
330,0.7375,0.2625,0.0,0.0
331,0.7375,0.2625,0.0,0.0
332,0.0,0.0,0.0,0.0
333,0.0,0.0,0.0,0.0
334,1.0,0.0,0.0,0.0
335,1.0,0.0,0.0,0.0
336,0.4444444444444444,0.5555555555555556,0.0,0.0
337,0.4444444444444444,0.5555555555555556,0.0,0.0
338,0.35294117647058826,0.6470588235294118,0.0,0.0
339,0.35294117647058826,0.6470588235294118,0.0,0.0
340,0.3,0.7,0.0,0.0
341,0.3,0.7,0.0,0.0
342,0.22641509433962265,0.7735849056603774,0.0,0.0
343,0.22641509433962265,0.7735849056603774,0.0,0.0
344,0.18181818181818182,0.8181818181818182,0.0,0.0
345,0.18181818181818182,0.8181818181818182,0.0,0.0
346,0.0,0.0,0.0,0.0
347,0.0,0.0,0.0,0.0
348,0.0,1.0,0.0,0.0
349,0.0,1.0,0.0,0.0
350,0.6666666666666666,0.3333333333333333,0.0,0.0
351,0.6666666666666666,0.3333333333333333,0.0,0.0
352,0.8064516129032258,0.1935483870967742,0.0,0.0
353,0.8064516129032258,0.1935483870967742,1.0,0.0
354,0.5555555555555556,0.4444444444444444,1.0,0.0
355,0.5555555555555556,0.4444444444444444,0.6666666666666666,0.3333333333333333
356,0.0,0.0,0.0,0.0
357,0.0,0.0,0.0,0.0
358,0.0,1.0,0.0,0.0
359,0.0,1.0,0.0,0.0
360,0.0,1.0,0.0,0.0
361,0.0,1.0,0.0,0.0
362,0.20833333333333334,0.7916666666666666,0.0,0.0
363,0.20833333333333334,0.7916666666666666,0.0,0.0
364,0.36666666666666664,0.6333333333333333,0.0,0.0
365,0.36666666666666664,0.6333333333333333,0.0,0.0
366,0.21568627450980393,0.7843137254901961,0.0,0.0
367,0.21568627450980393,0.7843137254901961,0.0,0.0
368,0.1527777777777778,0.8472222222222222,0.0,0.0
369,0.1527777777777778,0.8472222222222222,0.0,0.0
370,0.0,0.0,0.0,0.0
371,0.0,0.0,0.0,0.0
372,1.0,0.0,0.0,0.0
373,1.0,0.0,0.0,0.0
374,1.0,0.0,0.0,0.0
375,1.0,0.0,0.0,0.0
376,0.7083333333333334,0.2916666666666667,0.0,0.0
377,0.7083333333333334,0.2916666666666667,0.0,1.0
378,0.4657534246575342,0.5342465753424658,0.0,0.0
379,0.4657534246575342,0.5342465753424658,0.0,0.0
380,0.38636363636363635,0.6136363636363636,0.0,0.0
381,0.38636363636363635,0.6136363636363636,0.0,0.0
382,0.3617021276595745,0.6382978723404256,0.0,0.0
383,0.3617021276595745,0.6382978723404256,0.0,0.0
384,0.0,0.0,0.0,0.0
385,0.0,0.0,0.0,0.0
386,0.0,1.0,0.0,0.0
387,0.0,1.0,0.0,0.0
388,0.0,1.0,0.0,0.0
389,0.0,1.0,0.0,0.0
390,0.0,1.0,0.0,0.0
391,0.0,1.0,0.0,0.0
392,0.23728813559322035,0.7627118644067796,0.0,0.0
393,0.23728813559322035,0.7627118644067796,0.0,0.0
394,0.2153846153846154,0.7846153846153846,0.0,0.0
395,0.2153846153846154,0.7846153846153846,0.0,0.0
396,0.2,0.8,0.0,0.0
397,0.2,0.8,0.0,0.0
398,0.25333333333333335,0.7466666666666667,0.0,0.0
399,0.25333333333333335,0.7466666666666667,0.0,0.0
400,0.4105263157894737,0.5894736842105263,0.0,0.0
401,0.4105263157894737,0.5894736842105263,0.0,0.0
402,0.4766355140186916,0.5233644859813084,0.0,0.0
403,0.4766355140186916,0.5233644859813084,0.0,0.0
404,0.0,0.0,0.0,0.0
405,0.0,0.0,0.0,0.0
406,0.0,1.0,0.0,0.0
407,0.0,1.0,0.0,0.0
408,0.0,1.0,0.0,0.0
409,0.0,1.0,0.0,0.0
410,0.0,1.0,0.0,0.0
411,0.0,1.0,0.0,0.0
412,0.0,1.0,0.0,0.0
413,0.0,1.0,0.0,0.0
414,0.0,1.0,0.0,0.0
415,0.0,1.0,0.0,0.0
416,0.0,1.0,0.0,0.0
417,0.25925925925925924,0.7407407407407407,0.0,0.0
418,0.25925925925925924,0.7407407407407407,0.0,0.0
419,0.0,0.0,0.0,0.0
420,0.0,0.0,0.0,0.0
421,1.0,0.0,0.0,0.0
422,1.0,0.0,0.0,0.0
423,1.0,0.0,0.0,0.0
424,1.0,0.0,0.0,0.0
425,0.8125,0.1875,0.0,0.0
426,0.8125,0.1875,0.0,0.0
427,0.7027027027027027,0.2972972972972973,0.0,0.0
428,0.7027027027027027,0.2972972972972973,0.0,1.0
429,0.30952380952380953,0.6904761904761905,0.0,0.0
430,0.30952380952380953,0.6904761904761905,0.0,0.0
431,0.0,0.0,0.0,0.0
432,0.0,0.0,0.0,0.0
433,0.0,1.0,0.0,0.0
434,0.0,1.0,0.0,1.0
435,0.0,1.0,0.0,0.0
436,0.0,1.0,0.0,0.0
437,0.11538461538461539,0.8846153846153846,0.0,0.0
438,0.11538461538461539,0.8846153846153846,0.0,0.0
439,0.2923076923076923,0.7076923076923077,0.0,0.0
440,0.2923076923076923,0.7076923076923077,0.0,0.0
441,0.352112676056338,0.647887323943662,0.0,0.0
442,0.352112676056338,0.647887323943662,0.0,0.0
443,0.5,0.5,0.0,0.0
444,0.5,0.5,0.0,0.0
445,0.46,0.54,0.0,0.0
446,0.46,0.54,0.0,0.0
447,0.5221238938053098,0.4778761061946903,0.0,0.0
448,0.5221238938053098,0.4778761061946903,0.0,0.0
449,0.0,0.0,0.0,0.0
450,0.0,0.0,0.0,0.0
451,1.0,0.0,0.0,0.0
452,1.0,0.0,0.0,0.0
453,0.4642857142857143,0.5357142857142857,0.0,0.0
454,0.4642857142857143,0.5357142857142857,0.0,0.0
455,0.4642857142857143,0.5357142857142857,0.0,0.0
456,0.30952380952380953,0.6904761904761905,0.0,0.0
457,0.30952380952380953,0.6904761904761905,0.0,0.0
458,0.22807017543859648,0.7719298245614035,0.0,0.0
459,0.22807017543859648,0.7719298245614035,0.0,0.0
460,0.2903225806451613,0.7096774193548387,0.0,0.0
461,0.2903225806451613,0.7096774193548387,0.0,0.0
462,0.24324324324324326,0.7567567567567568,0.0,0.0
463,0.24324324324324326,0.7567567567567568,0.0,0.0
464,0.3563218390804598,0.6436781609195402,0.0,0.0
465,0.3563218390804598,0.6436781609195402,0.0,0.0
466,0.0,0.0,0.0,0.0
467,0.0,0.0,0.0,0.0
468,1.0,0.0,0.0,0.0
469,1.0,0.0,0.0,0.0
470,1.0,0.0,0.0,0.0
471,1.0,0.0,1.0,0.0
472,0.0,0.0,0.0,0.0
473,0.0,0.0,0.0,0.0
474,1.0,0.0,0.0,0.0
475,1.0,0.0,0.0,0.0
476,1.0,0.0,0.0,0.0
477,1.0,0.0,0.0,0.0
478,1.0,0.0,0.0,0.0
479,1.0,0.0,0.0,0.0
480,1.0,0.0,0.0,0.0
481,1.0,0.0,0.0,0.0
482,0.7045454545454546,0.29545454545454547,0.0,0.0
483,0.7045454545454546,0.29545454545454547,0.0,0.0
484,0.7758620689655172,0.22413793103448276,0.0,0.0
485,0.7758620689655172,0.22413793103448276,0.0,0.0
486,0.821917808219178,0.1780821917808219,0.0,0.0
487,0.821917808219178,0.1780821917808219,0.0,0.0
488,0.0,0.0,0.0,0.0
489,0.0,0.0,0.0,0.0
490,0.0,1.0,0.0,0.0
491,0.0,1.0,0.0,0.0
492,0.0,1.0,0.0,0.0
493,0.0,1.0,0.0,1.0
494,0.14634146341463414,0.8536585365853658,0.0,1.0
495,0.14634146341463414,0.8536585365853658,0.0,1.0
496,0.36363636363636365,0.6363636363636364,0.0,1.0
497,0.36363636363636365,0.6363636363636364,0.0,1.0
498,0.4927536231884058,0.5072463768115942,0.0,1.0
499,0.4927536231884058,0.5072463768115942,0.0,1.0
500,0.35789473684210527,0.6421052631578947,0.0,0.0
501,0.35789473684210527,0.6421052631578947,0.0,0.0
502,0.0,0.0,0.0,0.0
503,0.0,0.0,0.0,0.0
504,0.0,1.0,0.0,0.0
505,0.0,1.0,0.0,0.0
506,0.0,1.0,0.0,0.0
507,0.0,1.0,0.0,0.0
508,0.42424242424242425,0.5757575757575758,0.0,0.0
509,0.42424242424242425,0.5757575757575758,0.0,0.0
510,0.5,0.5,0.0,0.0
511,0.5,0.5,0.0,0.0
512,0.5681818181818182,0.4318181818181818,0.0,0.0
513,0.5681818181818182,0.4318181818181818,0.0,0.0
514,0.423728813559322,0.576271186440678,0.0,0.0
515,0.423728813559322,0.576271186440678,0.0,0.0
516,0.5802469135802469,0.41975308641975306,0.0,0.0
517,0.5802469135802469,0.41975308641975306,0.0,0.0
518,0.49473684210526314,0.5052631578947369,0.0,0.0
519,0.49473684210526314,0.5052631578947369,0.0,0.0
520,0.4392523364485981,0.5607476635514018,0.0,0.0
521,0.4392523364485981,0.5607476635514018,0.0,0.0
522,0.0,0.0,0.0,0.0
523,0.0,0.0,0.0,0.0
524,0.0,1.0,0.0,0.0
525,0.0,1.0,0.0,0.0
526,0.4,0.6,0.0,0.0
527,0.4,0.6,0.0,0.0
528,0.4878048780487805,0.5121951219512195,0.0,0.0
529,0.4878048780487805,0.5121951219512195,0.0,0.0
530,0.37735849056603776,0.6226415094339622,0.0,0.0
531,0.37735849056603776,0.6226415094339622,0.0,0.0
532,0.30303030303030304,0.696969696969697,0.0,0.0
533,0.30303030303030304,0.696969696969697,0.0,0.0
534,0.25,0.75,0.0,0.0
535,0.25,0.75,0.0,0.0
536,0.0,0.0,0.0,0.0
537,0.0,0.0,0.0,0.0
538,0.0,1.0,0.0,0.0
539,0.0,1.0,0.0,0.0
540,0.7777777777777778,0.2222222222222222,0.0,0.0
541,0.7777777777777778,0.2222222222222222,0.0,0.0
542,0.8181818181818182,0.18181818181818182,0.0,0.0
543,0.8181818181818182,0.18181818181818182,0.0,0.0
544,0.8867924528301887,0.11320754716981132,0.0,0.0
545,0.8867924528301887,0.11320754716981132,0.0,0.0
546,0.8947368421052632,0.10526315789473684,0.0,0.0
547,0.8947368421052632,0.10526315789473684,0.0,0.0
548,0.7285714285714285,0.2714285714285714,0.0,0.0
549,0.7285714285714285,0.2714285714285714,0.0,0.0
550,0.0,0.0,0.0,0.0
551,0.0,0.0,0.0,0.0
552,0.0,1.0,0.0,0.0
553,0.0,1.0,0.0,0.0
554,0.0,1.0,0.0,0.0
555,0.0,1.0,0.0,0.0
556,0.16,0.84,0.0,0.0
557,0.16,0.84,0.0,0.0
558,0.46153846153846156,0.5384615384615384,0.0,0.0
559,0.46153846153846156,0.5384615384615384,0.0,0.0
560,0.29508196721311475,0.7049180327868853,0.0,0.0
561,0.29508196721311475,0.7049180327868853,0.0,0.0
562,0.24324324324324326,0.7567567567567568,0.0,0.0
563,0.24324324324324326,0.7567567567567568,0.0,0.0
564,0.3563218390804598,0.6436781609195402,0.0,0.0
565,0.3563218390804598,0.6436781609195402,0.0,0.0
566,0.0,0.0,0.0,0.0
567,0.0,0.0,0.0,0.0
568,1.0,0.0,0.0,0.0
569,1.0,0.0,0.0,0.0
570,0.3333333333333333,0.6666666666666666,0.0,0.0
571,0.3333333333333333,0.6666666666666666,0.0,0.0
572,0.2608695652173913,0.7391304347826086,0.0,0.0
573,0.2608695652173913,0.7391304347826086,0.0,0.0
574,0.21428571428571427,0.7857142857142857,0.0,0.0
575,0.21428571428571427,0.7857142857142857,0.0,0.0
576,0.56,0.44,0.0,0.0
577,0.56,0.44,0.0,0.0
578,0.6507936507936508,0.3492063492063492,0.0,0.0
579,0.6507936507936508,0.3492063492063492,0.0,0.0
580,0.7142857142857143,0.2857142857142857,0.0,0.0
581,0.7142857142857143,0.2857142857142857,0.0,0.0
582,0.0,0.0,0.0,0.0
583,0.0,0.0,0.0,0.0
584,0.0,1.0,0.0,0.0
585,0.0,1.0,0.0,0.0
586,0.0,1.0,0.0,0.0
587,0.0,1.0,0.0,0.0
588,0.0,1.0,0.0,0.0
589,0.0,1.0,0.0,0.0
590,0.0,1.0,0.0,0.0
591,0.0,1.0,0.0,0.0
592,0.0,1.0,0.0,0.0
593,0.2028985507246377,0.7971014492753623,0.0,0.0
594,0.2028985507246377,0.7971014492753623,0.0,0.0
595,0.0,0.0,0.0,0.0
596,0.0,0.0,0.0,0.0
597,0.0,1.0,0.0,0.0
598,0.0,1.0,0.0,0.0
599,0.0,1.0,0.0,0.0
600,0.0,1.0,0.0,0.0
601,0.0,1.0,0.0,0.0
602,0.0,1.0,0.0,0.0
603,0.28888888888888886,0.7111111111111111,0.0,0.0
604,0.28888888888888886,0.7111111111111111,0.0,0.0
605,0.4482758620689655,0.5517241379310345,0.0,0.0
606,0.4482758620689655,0.5517241379310345,0.0,0.0
607,0.40625,0.59375,0.0,0.0
608,0.40625,0.59375,0.0,0.0
609,0.5529411764705883,0.4470588235294118,0.0,0.0
610,0.5529411764705883,0.4470588235294118,0.0,0.0
611,0.5164835164835165,0.4835164835164835,0.0,0.0
612,0.5164835164835165,0.4835164835164835,0.0,0.0
613,0.44339622641509435,0.5566037735849056,0.0,0.0
614,0.44339622641509435,0.5566037735849056,0.0,0.0
615,0.0,0.0,0.0,0.0
616,0.0,0.0,0.0,0.0
617,1.0,0.0,0.0,0.0
618,1.0,0.0,0.0,0.0
619,1.0,0.0,0.0,0.0
620,1.0,0.0,1.0,0.0
621,1.0,0.0,0.0,0.0
622,1.0,0.0,0.0,0.0
623,0.0,0.0,0.0,0.0
624,0.0,0.0,0.0,0.0
625,0.0,1.0,0.0,0.0
626,0.0,1.0,0.0,0.0
627,0.0,1.0,0.0,0.0
628,0.0,1.0,0.0,0.0
629,0.0,1.0,0.0,0.0
630,0.0,1.0,0.0,0.0
631,0.0,1.0,0.0,0.0
632,0.0,1.0,0.0,0.0
633,0.0,1.0,0.0,0.0
634,0.0,1.0,0.0,0.0
635,0.25609756097560976,0.7439024390243902,0.0,0.0
636,0.25609756097560976,0.7439024390243902,0.0,0.0
637,0.0,0.0,0.0,0.0
638,0.0,0.0,0.0,0.0
639,1.0,0.0,0.0,0.0
640,1.0,0.0,0.0,0.0
641,0.5714285714285714,0.42857142857142855,0.0,0.0
642,0.5714285714285714,0.42857142857142855,0.0,0.0
643,0.425531914893617,0.574468085106383,0.0,0.0
644,0.425531914893617,0.574468085106383,0.0,0.0
645,0.37037037037037035,0.6296296296296297,0.0,0.0
646,0.37037037037037035,0.6296296296296297,0.0,0.0
647,0.3448275862068966,0.6551724137931034,0.0,0.0
648,0.3448275862068966,0.6551724137931034,0.0,0.0
649,0.3968253968253968,0.6031746031746031,0.0,0.0
650,0.3968253968253968,0.6031746031746031,0.0,0.0
651,0.35714285714285715,0.6428571428571429,0.0,0.0
652,0.35714285714285715,0.6428571428571429,0.0,0.0
653,0.47058823529411764,0.5294117647058824,0.0,0.0
654,0.47058823529411764,0.5294117647058824,0.0,0.0
655,0.5794392523364486,0.4205607476635514,0.0,0.0
656,0.5794392523364486,0.4205607476635514,0.0,0.0
657,0.0,0.0,0.0,0.0
658,0.0,0.0,0.0,0.0
659,1.0,0.0,0.0,0.0
660,1.0,0.0,1.0,0.0
661,1.0,0.0,0.0,0.0
662,1.0,0.0,0.0,0.0
663,1.0,0.0,0.0,0.0
664,1.0,0.0,0.0,0.0
665,1.0,0.0,0.0,0.0
666,0.0,0.0,0.0,0.0
667,0.0,0.0,0.0,0.0
668,0.0,1.0,0.0,0.0
669,0.0,1.0,0.0,0.0
670,0.0,1.0,0.0,0.0
671,0.0,1.0,0.0,0.0
672,0.0,1.0,0.0,0.0
673,0.0,1.0,0.0,0.0
674,0.0,1.0,0.0,0.0
675,0.0,1.0,0.0,0.0
676,0.0,0.0,0.0,0.0
677,0.0,0.0,0.0,0.0
678,1.0,0.0,0.0,0.0
679,1.0,0.0,0.0,0.0
680,1.0,0.0,0.0,0.0
681,1.0,0.0,0.0,0.0
682,1.0,0.0,0.0,0.0
683,1.0,0.0,0.0,0.0
684,1.0,0.0,0.0,0.0
685,1.0,0.0,0.0,0.0
686,1.0,0.0,0.0,0.0
687,1.0,0.0,0.0,0.0
688,0.8833333333333333,0.11666666666666667,0.0,0.0
689,0.8833333333333333,0.11666666666666667,0.0,0.0
690,0.0,0.0,0.0,0.0
691,0.0,0.0,0.0,0.0
692,0.0,1.0,0.0,0.0
693,0.0,1.0,0.0,0.0
694,0.0,1.0,0.0,0.0
695,0.0,1.0,0.0,0.0
696,0.0,1.0,0.0,0.0
697,0.0,1.0,0.0,0.0
698,0.0,1.0,0.0,0.0
699,0.0,1.0,0.0,0.0
700,0.0,1.0,0.0,0.0
701,0.0,1.0,0.0,0.0
702,0.0,0.0,0.0,0.0
703,0.0,0.0,0.0,0.0
704,1.0,0.0,0.0,0.0
705,1.0,0.0,0.0,0.0
706,1.0,0.0,0.0,0.0
707,1.0,0.0,0.0,0.0
708,0.5757575757575758,0.42424242424242425,0.0,0.0
709,0.5757575757575758,0.42424242424242425,0.0,0.0
710,0.3958333333333333,0.6041666666666666,0.0,0.0
711,0.3958333333333333,0.6041666666666666,0.0,0.0
712,0.5245901639344263,0.47540983606557374,0.0,0.0
713,0.5245901639344263,0.47540983606557374,0.0,0.0
714,0.6081081081081081,0.3918918918918919,0.0,0.0
715,0.6081081081081081,0.3918918918918919,0.0,0.0
716,0.6419753086419753,0.35802469135802467,0.0,0.0
717,0.6419753086419753,0.35802469135802467,0.0,0.0
718,0.5098039215686274,0.49019607843137253,0.0,0.0
719,0.5098039215686274,0.49019607843137253,0.0,0.0
720,0.5652173913043478,0.43478260869565216,0.0,0.0
721,0.5652173913043478,0.43478260869565216,0.0,0.0
722,0.0,0.0,0.0,0.0
723,0.0,0.0,0.0,1.0
724,1.0,0.0,0.0,1.0
725,1.0,0.0,0.0,1.0
726,1.0,0.0,0.0,1.0
727,1.0,0.0,0.3333333333333333,0.6666666666666666
728,1.0,0.0,0.0,1.0
729,1.0,0.0,0.0,1.0
730,1.0,0.0,0.0,1.0
731,1.0,0.0,0.0,1.0
732,0.0,0.0,0.0,0.0
733,0.0,0.0,0.0,0.0
734,0.0,1.0,0.0,0.0
735,0.0,1.0,0.0,0.0
736,0.0,1.0,0.0,0.0
737,0.0,1.0,0.0,0.0
738,0.48148148148148145,0.5185185185185185,0.0,0.0
739,0.48148148148148145,0.5185185185185185,0.0,0.0
740,0.65,0.35,0.0,0.0
741,0.65,0.35,0.0,0.0
742,0.7021276595744681,0.2978723404255319,0.0,0.0
743,0.7021276595744681,0.2978723404255319,0.0,0.0
744,0.7704918032786885,0.22950819672131148,0.0,0.0
745,0.7704918032786885,0.22950819672131148,0.0,0.0
746,0.6438356164383562,0.3561643835616438,0.0,0.0
747,0.6438356164383562,0.3561643835616438,0.0,0.0
748,0.6976744186046512,0.3023255813953488,0.0,0.0
749,0.6976744186046512,0.3023255813953488,0.0,0.0
750,0.6060606060606061,0.3939393939393939,0.0,0.0
751,0.6060606060606061,0.3939393939393939,0.0,0.0
752,0.0,0.0,0.0,0.0
753,0.0,0.0,0.0,0.0
754,1.0,0.0,0.0,0.0
755,1.0,0.0,0.0,0.0
756,0.38235294117647056,0.6176470588235294,0.0,0.0
757,0.38235294117647056,0.6176470588235294,0.0,1.0
758,0.19117647058823528,0.8088235294117647,0.0,0.0
759,0.19117647058823528,0.8088235294117647,0.0,0.0
760,0.0,0.0,0.0,0.0
761,0.0,0.0,0.0,0.0
762,0.0,1.0,0.0,0.0
763,0.0,1.0,0.0,0.0
764,0.0,1.0,0.0,0.0
765,0.0,1.0,0.0,0.0
766,0.0,1.0,0.0,0.0
767,0.0,1.0,0.0,0.0
768,0.0,1.0,0.0,0.0
769,0.0,1.0,0.0,0.0
770,0.0,0.0,0.0,0.0
771,0.0,0.0,0.0,0.0
772,0.0,1.0,0.0,0.0
773,0.0,1.0,0.0,0.0
774,0.0,1.0,0.0,0.0
775,0.0,1.0,0.0,0.0
776,0.0,1.0,0.0,0.0
777,0.0,1.0,0.0,0.0
778,0.34146341463414637,0.6585365853658537,0.0,0.0
779,0.34146341463414637,0.6585365853658537,0.0,0.0
780,0.3111111111111111,0.6888888888888889,0.0,0.0
781,0.3111111111111111,0.6888888888888889,0.0,0.0
782,0.45614035087719296,0.543859649122807,0.0,0.0
783,0.45614035087719296,0.543859649122807,0.0,0.0
784,0.3333333333333333,0.6666666666666666,0.0,0.0
785,0.3333333333333333,0.6666666666666666,0.0,0.0
786,0.0,0.0,0.0,0.0
787,0.0,0.0,0.0,0.0
788,1.0,0.0,0.0,0.0
789,1.0,0.0,0.0,0.0
790,0.38235294117647056,0.6176470588235294,0.0,0.0
791,0.38235294117647056,0.6176470588235294,0.0,0.0
792,0.3170731707317073,0.6829268292682927,0.0,0.0
793,0.3170731707317073,0.6829268292682927,0.0,0.0
794,0.4909090909090909,0.509090909090909,0.0,0.0
795,0.4909090909090909,0.509090909090909,0.0,0.0
796,0.45,0.55,0.0,0.0
797,0.45,0.55,0.0,0.0
798,0.36,0.64,0.0,0.0
799,0.36,0.64,0.0,0.0
800,0.30337078651685395,0.6966292134831461,0.0,0.0
801,0.30337078651685395,0.6966292134831461,0.0,0.0
802,0.0,0.0,0.0,0.0
803,0.0,0.0,0.0,0.0
804,0.0,1.0,0.0,0.0
805,0.0,1.0,0.0,0.0
806,0.6666666666666666,0.3333333333333333,0.0,0.0
807,0.6666666666666666,0.3333333333333333,0.0,0.0
808,0.375,0.625,0.0,0.0
809,0.375,0.625,0.0,0.0
810,0.2553191489361702,0.7446808510638298,0.0,0.0
811,0.2553191489361702,0.7446808510638298,0.0,0.0
812,0.4262295081967213,0.5737704918032787,0.0,0.0
813,0.4262295081967213,0.5737704918032787,0.0,0.0
814,0.3170731707317073,0.6829268292682927,0.0,0.0
815,0.3170731707317073,0.6829268292682927,0.0,1.0
816,0.0,0.0,0.0,0.0
817,0.0,0.0,0.0,0.0
818,1.0,0.0,0.0,0.0
819,1.0,0.0,1.0,0.0
820,1.0,0.0,0.0,0.0
821,1.0,0.0,0.0,0.0
822,1.0,0.0,0.0,0.0
823,1.0,0.0,0.0,0.0
824,0.0,0.0,0.0,0.0
825,0.0,0.0,0.0,0.0
826,1.0,0.0,0.0,0.0
827,1.0,0.0,0.0,0.0
828,1.0,0.0,0.0,0.0
829,1.0,0.0,0.0,0.0
830,1.0,0.0,0.0,0.0
831,1.0,0.0,0.0,0.0
832,1.0,0.0,0.0,0.0
833,1.0,0.0,0.0,0.0
834,1.0,0.0,0.0,0.0
835,1.0,0.0,0.0,0.0
836,0.8983050847457628,0.1016949152542373,0.0,0.0
837,0.8983050847457628,0.1016949152542373,0.0,0.0
838,0.90625,0.09375,0.0,0.0
839,0.90625,0.09375,0.0,0.0
840,0.0,0.0,0.0,0.0
841,0.0,0.0,0.0,0.0
842,1.0,0.0,0.0,0.0
843,1.0,0.0,0.0,0.0
844,1.0,0.0,0.0,0.0
845,1.0,0.0,0.0,0.0
846,1.0,0.0,0.0,0.0
847,1.0,0.0,0.0,0.0
848,1.0,0.0,0.0,0.0
849,1.0,0.0,0.0,0.0
850,1.0,0.0,0.0,0.0
851,0.0,0.0,0.0,0.0
852,0.0,0.0,0.0,0.0
853,0.0,1.0,0.0,0.0
854,0.0,1.0,0.0,0.0
855,0.0,1.0,0.0,0.0
856,0.0,1.0,0.0,0.0
857,0.0,1.0,0.0,0.0
858,0.0,1.0,0.0,1.0
859,0.0,0.0,0.0,0.0
860,0.0,0.0,0.0,0.0
861,0.0,1.0,0.0,0.0
862,0.0,1.0,0.0,0.0
863,0.0,1.0,0.0,0.0
864,0.0,1.0,0.0,0.0
865,0.25,0.75,0.0,0.0
866,0.25,0.75,0.0,0.0
867,0.3793103448275862,0.6206896551724138,0.0,0.0
868,0.3793103448275862,0.6206896551724138,0.0,0.0
869,0.64,0.36,0.0,0.0
870,0.64,0.36,0.0,0.0
871,0.71875,0.28125,0.0,0.0
872,0.71875,0.28125,0.0,0.0
873,0.5897435897435898,0.41025641025641024,0.0,0.0
874,0.5897435897435898,0.41025641025641024,0.0,0.0
875,0.5,0.5,0.0,0.0
876,0.5,0.5,0.0,0.0
877,0.5660377358490566,0.4339622641509434,0.0,0.0
878,0.5660377358490566,0.4339622641509434,0.0,0.0
879,0.0,0.0,0.0,0.0
880,0.0,0.0,0.0,0.0
881,1.0,0.0,0.0,0.0
882,1.0,0.0,0.0,0.0
883,1.0,0.0,0.0,0.0
884,1.0,0.0,0.0,0.0
885,1.0,0.0,0.0,0.0
886,1.0,0.0,0.0,0.0
887,1.0,0.0,0.0,0.0
888,1.0,0.0,0.0,0.0
889,1.0,0.0,0.0,0.0
890,1.0,0.0,0.0,0.0
891,0.7966101694915254,0.2033898305084746,0.0,0.0
892,0.7966101694915254,0.2033898305084746,0.0,0.0
893,0.0,0.0,0.0,0.0
894,0.0,0.0,0.0,0.0
895,1.0,0.0,0.0,0.0
896,1.0,0.0,0.0,0.0
897,0.3157894736842105,0.6842105263157895,0.0,0.0
898,0.3157894736842105,0.6842105263157895,0.0,0.0
899,0.17647058823529413,0.8235294117647058,0.0,0.0
900,0.17647058823529413,0.8235294117647058,0.0,0.0
901,0.125,0.875,0.0,0.0
902,0.125,0.875,0.0,0.0
903,0.10909090909090909,0.8909090909090909,0.0,0.0
904,0.10909090909090909,0.8909090909090909,0.0,0.0
905,0.35526315789473684,0.6447368421052632,0.0,0.0
906,0.35526315789473684,0.6447368421052632,0.0,0.0
907,0.449438202247191,0.550561797752809,0.0,0.0
908,0.449438202247191,0.550561797752809,0.0,0.0
909,0.0,0.0,0.0,0.0
910,0.0,0.0,0.0,0.0
911,1.0,0.0,0.0,0.0
912,1.0,0.0,0.0,0.0
913,1.0,0.0,0.0,0.0
914,1.0,0.0,0.0,0.0
915,1.0,0.0,0.0,0.0
916,1.0,0.0,0.0,0.0
917,1.0,0.0,0.0,0.0
918,1.0,0.0,0.0,0.0
919,1.0,0.0,0.0,0.0
920,1.0,0.0,0.0,0.0
921,0.821917808219178,0.1780821917808219,0.0,0.0
922,0.821917808219178,0.1780821917808219,0.0,0.0
923,0.7058823529411765,0.29411764705882354,0.0,0.0
924,0.7058823529411765,0.29411764705882354,0.0,0.0
925,0.0,0.0,0.0,0.0
926,0.0,0.0,1.0,0.0
927,0.0,1.0,1.0,0.0
928,0.0,1.0,1.0,0.0
929,0.0,1.0,1.0,0.0
930,0.0,1.0,1.0,0.0
931,0.0,1.0,1.0,0.0
932,0.0,1.0,1.0,0.0
933,0.0,1.0,1.0,0.0
934,0.0,1.0,1.0,0.0
935,0.0,0.0,0.0,0.0
936,0.0,0.0,0.0,0.0
937,1.0,0.0,0.0,0.0
938,1.0,0.0,0.0,0.0
939,1.0,0.0,0.0,0.0
940,1.0,0.0,1.0,0.0
941,0.675,0.325,1.0,0.0
942,0.675,0.325,1.0,0.0
943,0.6,0.4,1.0,0.0
944,0.6,0.4,1.0,0.0
945,0.0,0.0,0.0,0.0
946,0.0,0.0,0.0,0.0
947,0.0,0.0,0.0,0.0
948,0.0,1.0,0.0,0.0
949,0.0,1.0,0.0,1.0
950,0.0,1.0,0.0,0.0
951,0.0,1.0,0.0,0.0
952,0.0,0.0,0.0,0.0
953,0.0,0.0,0.0,0.0
954,0.0,1.0,0.0,0.0
955,0.0,1.0,0.0,0.0
956,0.0,1.0,0.0,0.0
957,0.0,1.0,0.0,0.0
958,0.0,1.0,0.0,0.0
959,0.0,1.0,0.0,0.0
960,0.0,1.0,0.0,0.0
961,0.0,1.0,0.0,0.0
962,0.0,0.0,0.0,0.0
963,0.0,0.0,0.0,0.0
964,1.0,0.0,0.0,0.0
965,1.0,0.0,0.0,0.0
966,1.0,0.0,0.0,0.0
967,1.0,0.0,0.0,0.0
968,0.6904761904761905,0.30952380952380953,0.0,0.0
969,0.6904761904761905,0.30952380952380953,0.0,0.0
970,0.6041666666666666,0.3958333333333333,0.0,0.0
971,0.6041666666666666,0.3958333333333333,0.0,0.0
972,0.46774193548387094,0.532258064516129,0.0,0.0
973,0.46774193548387094,0.532258064516129,0.0,0.0
974,0.5657894736842105,0.4342105263157895,0.0,0.0
975,0.5657894736842105,0.4342105263157895,0.0,0.0
976,0.625,0.375,0.0,0.0
977,0.625,0.375,0.0,0.0
978,0.6526315789473685,0.3473684210526316,0.0,0.0
979,0.6526315789473685,0.3473684210526316,0.0,0.0
980,0.0,0.0,0.0,0.0
981,0.0,0.0,0.0,0.0
982,0.0,1.0,0.0,0.0
983,0.0,1.0,0.0,0.0
984,0.36363636363636365,0.6363636363636364,0.0,0.0
985,0.36363636363636365,0.6363636363636364,0.0,0.0
986,0.6111111111111112,0.3888888888888889,0.0,0.0
987,0.6111111111111112,0.3888888888888889,0.0,0.0
988,0.72,0.28,0.0,0.0
989,0.72,0.28,0.0,0.0
990,0.78125,0.21875,0.0,0.0
991,0.78125,0.21875,0.0,0.0
992,0.6493506493506493,0.35064935064935066,0.0,0.0
993,0.6493506493506493,0.35064935064935066,0.0,0.0
994,0.0,0.0,0.0,0.0
995,0.0,0.0,0.0,0.0
996,0.0,1.0,0.0,0.0
997,0.0,1.0,0.0,0.0
998,0.0,1.0,0.0,0.0
999,0.0,1.0,0.0,0.0
1000,0.0,1.0,0.0,0.0
1001,0.0,1.0,0.0,0.0
1002,0.0,1.0,0.0,0.0
1003,0.0,1.0,0.0,0.0
1004,0.0,0.0,0.0,0.0
1005,0.0,0.0,0.0,0.0
1006,1.0,0.0,0.0,0.0
1007,1.0,0.0,0.0,0.0
1008,1.0,0.0,0.0,0.0
1009,1.0,0.0,0.0,0.0
1010,1.0,0.0,0.0,0.0
1011,1.0,0.0,0.0,0.0
1012,1.0,0.0,0.0,0.0
1013,1.0,0.0,0.0,0.0
1014,1.0,0.0,0.0,0.0
1015,1.0,0.0,0.0,0.0
1016,1.0,0.0,0.0,0.0
1017,0.803030303030303,0.19696969696969696,0.0,0.0
1018,0.803030303030303,0.19696969696969696,0.0,0.0
1019,0.0,0.0,0.0,0.0
1020,0.0,0.0,0.0,0.0
1021,0.0,1.0,0.0,0.0
1022,0.0,1.0,0.0,0.0
1023,0.5,0.5,0.0,0.0
1024,0.5,0.5,0.0,0.0
1025,0.5531914893617021,0.44680851063829785,0.0,0.0
1026,0.5531914893617021,0.44680851063829785,0.0,0.0
1027,0.49056603773584906,0.5094339622641509,0.0,0.0
1028,0.49056603773584906,0.5094339622641509,0.0,0.0
1029,0.4406779661016949,0.559322033898305,0.0,0.0
1030,0.4406779661016949,0.559322033898305,0.0,0.0
1031,0.5540540540540541,0.44594594594594594,0.0,0.0
1032,0.5540540540540541,0.44594594594594594,1.0,0.0
1033,0.0,0.0,0.0,0.0
1034,0.0,0.0,0.0,0.0
1035,0.0,1.0,0.0,0.0
1036,0.0,1.0,0.0,0.0
1037,0.6,0.4,0.0,0.0
1038,0.6,0.4,0.0,0.0
1039,0.6410256410256411,0.358974358974359,0.0,0.0
1040,0.6410256410256411,0.358974358974359,0.0,0.0
1041,0.5434782608695652,0.45652173913043476,0.0,0.0
1042,0.5434782608695652,0.45652173913043476,0.0,0.0
1043,0.4716981132075472,0.5283018867924528,0.0,0.0
1044,0.4716981132075472,0.5283018867924528,0.0,0.0
1045,0.373134328358209,0.6268656716417911,0.0,0.0
1046,0.373134328358209,0.6268656716417911,0.0,0.0
1047,0.46835443037974683,0.5316455696202531,0.0,0.0
1048,0.46835443037974683,0.5316455696202531,0.0,0.0
1049,0.5384615384615384,0.46153846153846156,0.0,0.0
1050,0.5384615384615384,0.46153846153846156,0.0,0.0
1051,0.6037735849056604,0.39622641509433965,0.0,0.0
1052,0.6037735849056604,0.39622641509433965,0.0,0.0
1053,0.0,0.0,0.0,0.0
1054,0.0,0.0,0.0,0.0
1055,0.0,1.0,0.0,0.0
1056,0.0,1.0,0.0,0.0
1057,0.0,1.0,0.0,0.0
1058,0.0,1.0,0.0,1.0
1059,0.0,0.0,0.0,0.0
1060,0.0,0.0,0.0,0.0
1061,1.0,0.0,0.0,0.0
1062,1.0,0.0,0.0,0.0
1063,1.0,0.0,0.0,0.0
1064,1.0,0.0,0.0,0.0
1065,1.0,0.0,0.0,0.0
1066,1.0,0.0,0.0,0.0
1067,0.7321428571428571,0.26785714285714285,0.0,0.0
1068,0.7321428571428571,0.26785714285714285,0.0,0.0
1069,0.6833333333333333,0.31666666666666665,0.0,0.0
1070,0.6833333333333333,0.31666666666666665,0.0,0.0
1071,0.7654320987654321,0.2345679012345679,0.0,0.0
1072,0.7654320987654321,0.2345679012345679,0.0,0.0
1073,0.6526315789473685,0.3473684210526316,0.0,0.0
1074,0.6526315789473685,0.3473684210526316,0.0,0.0
1075,0.0,0.0,0.0,0.0
1076,0.0,0.0,0.0,0.0
1077,0.0,1.0,0.0,0.0
1078,0.0,1.0,0.0,0.0
1079,0.5,0.5,0.0,0.0
1080,0.5,0.5,0.0,0.0
1081,0.5806451612903226,0.41935483870967744,0.0,0.0
1082,0.5806451612903226,0.41935483870967744,0.0,0.0
1083,0.75,0.25,0.0,0.0
1084,0.75,0.25,0.0,0.0
1085,0.6610169491525424,0.3389830508474576,0.0,0.0
1086,0.6610169491525424,0.3389830508474576,0.0,0.0
1087,0.696969696969697,0.30303030303030304,0.0,0.0
1088,0.696969696969697,0.30303030303030304,0.0,0.0
1089,0.7435897435897436,0.2564102564102564,0.0,0.0
1090,0.7435897435897436,0.2564102564102564,0.0,0.0
1091,0.6444444444444445,0.35555555555555557,0.0,0.0
1092,0.6444444444444445,0.35555555555555557,0.0,0.0
1093,0.0,0.0,0.0,0.0
1094,0.0,0.0,0.0,0.0
1095,1.0,0.0,0.0,0.0
1096,1.0,0.0,0.0,0.0
1097,1.0,0.0,0.0,0.0
1098,1.0,0.0,0.0,0.0
1099,1.0,0.0,0.0,0.0
1100,1.0,0.0,0.0,0.0
1101,1.0,0.0,0.0,0.0
1102,1.0,0.0,0.0,0.0
1103,0.782608695652174,0.21739130434782608,0.0,0.0
1104,0.782608695652174,0.21739130434782608,0.0,0.0
1105,0.7105263157894737,0.2894736842105263,0.0,0.0
1106,0.7105263157894737,0.2894736842105263,0.0,0.0
1107,0.0,0.0,0.0,0.0
1108,0.0,0.0,0.0,0.0
1109,0.0,1.0,0.0,0.0
1110,0.0,1.0,0.0,0.0
1111,0.0,1.0,0.0,0.0
1112,0.0,1.0,0.0,0.0
1113,0.0,1.0,0.0,0.0
1114,0.0,1.0,0.0,0.0
1115,0.0,1.0,0.0,0.0
1116,0.0,1.0,0.0,0.0
1117,0.0,1.0,0.0,0.0
1118,0.0,1.0,0.0,0.0
1119,0.0,0.0,0.0,0.0
1120,0.0,0.0,0.0,0.0
1121,0.0,1.0,0.0,0.0
1122,0.0,1.0,0.0,0.0
1123,0.4827586206896552,0.5172413793103449,0.0,0.0
1124,0.4827586206896552,0.5172413793103449,0.0,0.0
1125,0.6511627906976745,0.3488372093023256,0.0,0.0
1126,0.6511627906976745,0.3488372093023256,0.0,0.0
1127,0.7321428571428571,0.26785714285714285,0.0,0.0
1128,0.7321428571428571,0.26785714285714285,0.0,0.0
1129,0.6507936507936508,0.3492063492063492,0.0,0.0
1130,0.6507936507936508,0.3492063492063492,0.0,0.0
1131,0.7066666666666667,0.29333333333333333,0.0,0.0
1132,0.7066666666666667,0.29333333333333333,0.0,0.0
1133,0.0,0.0,0.0,0.0
1134,0.0,0.0,0.0,0.0
1135,0.0,1.0,0.0,0.0
1136,0.0,1.0,0.0,0.0
1137,0.0,1.0,0.0,0.0
1138,0.0,1.0,0.0,1.0
1139,0.0,0.0,0.0,0.0
1140,0.0,0.0,0.0,0.0
1141,0.0,1.0,0.0,0.0
1142,0.0,1.0,0.0,0.0
1143,0.25,0.75,0.0,0.0
1144,0.25,0.75,0.0,0.0
1145,0.5,0.5,0.0,0.0
1146,0.5,0.5,0.0,0.0
1147,0.5,0.5,0.0,0.0
1148,0.375,0.625,0.0,0.0
1149,0.375,0.625,0.0,0.0
1150,0.3,0.7,0.0,0.0
1151,0.3,0.7,0.0,0.0
1152,0.40963855421686746,0.5903614457831325,0.0,0.0
1153,0.40963855421686746,0.5903614457831325,0.0,0.0
1154,0.38202247191011235,0.6179775280898876,0.0,0.0
1155,0.38202247191011235,0.6179775280898876,0.0,0.0
1156,0.46078431372549017,0.5392156862745098,0.0,0.0
1157,0.46078431372549017,0.5392156862745098,0.0,0.0
1158,0.5217391304347826,0.4782608695652174,0.0,0.0
1159,0.5217391304347826,0.4782608695652174,0.0,0.0
1160,0.0,0.0,0.0,0.0
1161,0.0,0.0,0.0,0.0
1162,0.0,1.0,0.0,0.0
1163,0.0,1.0,0.0,0.0
1164,0.75,0.25,0.0,0.0
1165,0.75,0.25,0.0,0.0
1166,0.8918918918918919,0.10810810810810811,0.0,0.0
1167,0.8918918918918919,0.10810810810810811,1.0,0.0
1168,0.9365079365079365,0.06349206349206349,0.0,0.0
1169,0.9365079365079365,0.06349206349206349,0.0,0.0
1170,0.0,0.0,0.0,0.0
1171,0.0,0.0,0.0,0.0
1172,0.0,1.0,0.0,0.0
1173,0.0,1.0,0.0,0.0
1174,0.7777777777777778,0.2222222222222222,0.0,0.0
1175,0.7777777777777778,0.2222222222222222,0.0,0.0
1176,0.6,0.4,0.0,0.0
1177,0.6,0.4,0.0,0.0
1178,0.7021276595744681,0.2978723404255319,0.0,0.0
1179,0.7021276595744681,0.2978723404255319,1.0,0.0
1180,0.8082191780821918,0.1917808219178082,0.0,0.0
1181,0.8082191780821918,0.1917808219178082,0.0,0.0
1182,0.6781609195402298,0.3218390804597701,0.0,0.0
1183,0.6781609195402298,0.3218390804597701,0.0,0.0
1184,0.6956521739130435,0.30434782608695654,0.0,0.0
1185,0.6956521739130435,0.30434782608695654,0.0,0.0
1186,0.0,0.0,0.0,0.0
1187,0.0,0.0,0.0,0.0
1188,0.0,1.0,0.0,0.0
1189,0.0,1.0,0.0,0.0
1190,0.0,1.0,0.0,0.0
1191,0.0,1.0,0.0,0.0
1192,0.0,1.0,0.0,0.0
1193,0.0,1.0,0.0,0.0
1194,0.0,1.0,0.0,0.0
1195,0.3389830508474576,0.6610169491525424,0.0,0.0
1196,0.3389830508474576,0.6610169491525424,0.0,0.0
1197,0.25,0.75,0.0,0.0
1198,0.25,0.75,0.0,0.0
1199,0.29411764705882354,0.7058823529411765,0.0,0.0
1200,0.29411764705882354,0.7058823529411765,0.0,0.0
1201,0.0,0.0,0.0,0.0
1202,0.0,0.0,0.0,0.0
1203,0.0,1.0,0.0,0.0
1204,0.0,1.0,0.0,0.0
1205,0.0,1.0,0.0,0.0
1206,0.0,1.0,0.0,0.0
1207,0.2,0.8,0.0,0.0
1208,0.2,0.8,0.0,0.0
1209,0.16666666666666666,0.8333333333333334,0.0,0.0
1210,0.16666666666666666,0.8333333333333334,0.0,0.0
1211,0.11290322580645161,0.8870967741935484,0.0,0.0
1212,0.11290322580645161,0.8870967741935484,0.0,0.0
1213,0.26666666666666666,0.7333333333333333,0.0,0.0
1214,0.26666666666666666,0.7333333333333333,0.0,0.0
1215,0.0,0.0,0.0,0.0
1216,0.0,0.0,0.0,0.0
1217,1.0,0.0,0.0,0.0
1218,1.0,0.0,1.0,0.0
1219,0.3333333333333333,0.6666666666666666,1.0,0.0
1220,0.3333333333333333,0.6666666666666666,1.0,0.0
1221,0.2692307692307692,0.7307692307692307,1.0,0.0
1222,0.2692307692307692,0.7307692307692307,1.0,0.0
1223,0.1794871794871795,0.8205128205128205,1.0,0.0
1224,0.1794871794871795,0.8205128205128205,1.0,0.0
1225,0.5151515151515151,0.48484848484848486,0.0,0.0
1226,0.5151515151515151,0.48484848484848486,0.0,0.0
1227,0.39080459770114945,0.6091954022988506,0.0,0.0
1228,0.39080459770114945,0.6091954022988506,0.0,0.0
1229,0.0,0.0,0.0,0.0
1230,0.0,0.0,0.0,0.0
1231,1.0,0.0,0.0,0.0
1232,1.0,0.0,0.0,0.0
1233,1.0,0.0,0.0,0.0
1234,1.0,0.0,0.0,0.0
1235,0.7346938775510204,0.2653061224489796,0.0,0.0
1236,0.7346938775510204,0.2653061224489796,0.0,0.0
1237,0.631578947368421,0.3684210526315789,0.0,0.0
1238,0.631578947368421,0.3684210526315789,0.0,0.0
1239,0.7,0.3,0.0,0.0
1240,0.7,0.3,1.0,0.0
1241,0.5903614457831325,0.40963855421686746,1.0,0.0
1242,0.5903614457831325,0.40963855421686746,1.0,0.0
1243,0.0,0.0,0.0,0.0
1244,0.0,0.0,0.0,0.0
1245,0.0,1.0,0.0,0.0
1246,0.0,1.0,0.0,0.0
1247,0.0,1.0,0.0,0.0
1248,0.0,1.0,0.0,0.0
1249,0.0,1.0,0.0,0.0
1250,0.0,1.0,0.0,0.0
1251,0.0,1.0,0.0,0.0
1252,0.0,1.0,0.0,0.0
1253,0.06666666666666667,0.9333333333333333,0.0,0.0
1254,0.06666666666666667,0.9333333333333333,0.0,0.0
1255,0.16417910447761194,0.835820895522388,0.0,0.0
1256,0.16417910447761194,0.835820895522388,0.0,0.0
1257,0.0,0.0,0.0,0.0
1258,0.0,0.0,0.0,0.0
1259,1.0,0.0,0.0,0.0
1260,1.0,0.0,0.0,0.0
1261,1.0,0.0,0.0,0.0
1262,1.0,0.0,0.0,0.0
1263,1.0,0.0,0.0,0.0
1264,1.0,0.0,0.0,0.0
1265,1.0,0.0,0.0,0.0
1266,1.0,0.0,0.0,0.0
1267,1.0,0.0,0.0,0.0
1268,1.0,0.0,0.0,0.0
1269,0.8333333333333334,0.16666666666666666,0.0,0.0
1270,0.8333333333333334,0.16666666666666666,0.0,0.0
1271,0.6896551724137931,0.3103448275862069,0.0,0.0
1272,0.6896551724137931,0.3103448275862069,0.0,0.0
1273,0.6,0.4,0.0,0.0
1274,0.6,0.4,0.0,0.0
1275,0.5263157894736842,0.47368421052631576,0.0,0.0
1276,0.5263157894736842,0.47368421052631576,0.0,0.0
1277,0.0,0.0,0.0,0.0
1278,0.0,0.0,0.0,0.0
1279,0.0,1.0,0.0,0.0
1280,0.0,1.0,0.0,0.0
1281,0.6666666666666666,0.3333333333333333,0.0,0.0
1282,0.6666666666666666,0.3333333333333333,0.0,0.0
1283,0.7407407407407407,0.25925925925925924,0.0,0.0
1284,0.7407407407407407,0.25925925925925924,0.0,0.0
1285,0.7407407407407407,0.25925925925925924,0.0,0.0
1286,0.8541666666666666,0.14583333333333334,0.0,0.0
1287,0.8541666666666666,0.14583333333333334,0.0,0.0
1288,0.8870967741935484,0.11290322580645161,0.0,0.0
1289,0.8870967741935484,0.11290322580645161,0.0,0.0
1290,0.0,0.0,0.0,0.0
1291,0.0,0.0,0.0,0.0
1292,0.0,1.0,0.0,0.0
1293,0.0,1.0,0.0,0.0
1294,0.0,1.0,0.0,0.0
1295,0.0,1.0,0.0,0.0
1296,0.3157894736842105,0.6842105263157895,0.0,0.0
1297,0.3157894736842105,0.6842105263157895,0.0,0.0
1298,0.5,0.5,0.0,0.0
1299,0.5,0.5,0.0,0.0
1300,0.6060606060606061,0.3939393939393939,0.0,0.0
1301,0.6060606060606061,0.3939393939393939,0.0,0.0
1302,0.547945205479452,0.4520547945205479,0.0,0.0
1303,0.547945205479452,0.4520547945205479,0.0,0.0
1304,0.625,0.375,0.0,0.0
1305,0.625,0.375,0.0,0.0
1306,0.55,0.45,0.0,0.0
1307,0.55,0.45,0.0,0.0
1308,0.5188679245283019,0.4811320754716981,0.0,0.0
1309,0.5188679245283019,0.4811320754716981,0.0,0.0
1310,0.0,0.0,0.0,0.0
1311,0.0,0.0,0.0,0.0
1312,0.0,1.0,0.0,0.0
1313,0.0,1.0,0.0,0.0
1314,0.0,1.0,0.0,0.0
1315,0.0,1.0,0.0,0.0
1316,0.0,1.0,0.0,0.0
1317,0.0,1.0,0.0,0.0
1318,0.0,1.0,0.0,0.0
1319,0.0,1.0,0.0,0.0
1320,0.0,1.0,0.0,0.0
1321,0.0,1.0,0.0,0.0
1322,0.0,0.0,0.0,0.0
1323,0.0,0.0,0.0,0.0
1324,0.0,1.0,0.0,0.0
1325,0.0,1.0,0.0,0.0
1326,0.5185185185185185,0.48148148148148145,0.0,0.0
1327,0.5185185185185185,0.48148148148148145,0.0,0.0
1328,0.59375,0.40625,0.0,0.0
1329,0.59375,0.40625,1.0,0.0
1330,0.475,0.525,1.0,0.0
1331,0.475,0.525,1.0,0.0
1332,0.7375,0.2625,0.0,0.0
1333,0.7375,0.2625,0.0,0.0
1334,0.0,0.0,0.0,0.0
1335,0.0,0.0,0.0,0.0
1336,1.0,0.0,0.0,0.0
1337,1.0,0.0,0.0,0.0
1338,1.0,0.0,0.0,0.0
1339,1.0,0.0,0.0,0.0
1340,0.7647058823529411,0.23529411764705882,0.0,0.0
1341,0.7647058823529411,0.23529411764705882,0.0,0.0
1342,0.8333333333333334,0.16666666666666666,0.0,0.0
1343,0.8333333333333334,0.16666666666666666,0.0,0.0
1344,0.8518518518518519,0.14814814814814814,0.0,0.0
1345,0.8518518518518519,0.14814814814814814,0.0,0.0
1346,0.696969696969697,0.30303030303030304,0.0,0.0
1347,0.696969696969697,0.30303030303030304,0.0,0.0
1348,0.75,0.25,0.0,0.0
1349,0.75,0.25,0.0,0.0
1350,0.0,0.0,0.0,0.0
1351,0.0,0.0,0.0,0.0
1352,0.0,1.0,0.0,0.0
1353,0.0,1.0,0.0,0.0
1354,0.5,0.5,0.0,0.0
1355,0.5,0.5,0.0,0.0
1356,0.3333333333333333,0.6666666666666666,0.0,0.0
1357,0.3333333333333333,0.6666666666666666,0.0,1.0
1358,0.4222222222222222,0.5777777777777777,0.0,1.0
1359,0.4222222222222222,0.5777777777777777,0.0,1.0
1360,0.5666666666666667,0.43333333333333335,0.0,1.0
1361,0.5666666666666667,0.43333333333333335,0.0,1.0
1362,0.3655913978494624,0.6344086021505376,0.0,0.0
1363,0.3655913978494624,0.6344086021505376,0.0,1.0
1364,0.0,0.0,0.0,0.0
1365,0.0,0.0,0.0,0.0
1366,0.0,1.0,0.0,0.0
1367,0.0,1.0,0.0,1.0
1368,0.0,1.0,0.0,0.0
1369,0.0,1.0,0.0,0.0
1370,0.11475409836065574,0.8852459016393442,0.0,0.0
1371,0.11475409836065574,0.8852459016393442,0.0,0.0
1372,0.19402985074626866,0.8059701492537313,0.0,0.0
1373,0.19402985074626866,0.8059701492537313,0.0,0.0
1374,0.39325842696629215,0.6067415730337079,0.0,0.0
1375,0.39325842696629215,0.6067415730337079,0.0,0.0
1376,0.3723404255319149,0.6276595744680851,0.0,0.0
1377,0.3723404255319149,0.6276595744680851,0.0,0.0
1378,0.41,0.59,0.0,0.0
1379,0.41,0.59,0.0,0.0
1380,0.3867924528301887,0.6132075471698113,0.0,0.0
1381,0.3867924528301887,0.6132075471698113,0.0,0.0
1382,0.4881889763779528,0.5118110236220472,0.0,0.0
1383,0.4881889763779528,0.5118110236220472,0.0,0.0
1384,0.0,0.0,0.0,0.0
1385,0.0,0.0,1.0,0.0
1386,1.0,0.0,0.0,0.0
1387,1.0,0.0,0.0,0.0
1388,1.0,0.0,0.0,0.0
1389,1.0,0.0,0.0,0.0
1390,1.0,0.0,0.0,0.0
1391,1.0,0.0,0.0,0.0
1392,0.7627118644067796,0.23728813559322035,0.0,0.0
1393,0.7627118644067796,0.23728813559322035,0.0,0.0
1394,0.5555555555555556,0.4444444444444444,0.0,0.0
1395,0.5555555555555556,0.4444444444444444,0.0,0.0
1396,0.6170212765957447,0.3829787234042553,0.0,0.0
1397,0.6170212765957447,0.3829787234042553,0.0,0.0
1398,0.5471698113207547,0.4528301886792453,0.0,0.0
1399,0.5471698113207547,0.4528301886792453,0.0,0.0
1400,0.0,0.0,0.0,0.0
1401,0.0,0.0,0.0,0.0
1402,0.0,1.0,0.0,0.0
1403,0.0,1.0,0.0,0.0
1404,0.0,1.0,0.0,0.0
1405,0.0,1.0,0.0,0.0
1406,0.0,1.0,0.0,0.0
1407,0.0,1.0,0.0,0.0
1408,0.0,1.0,0.0,0.0
1409,0.0,1.0,0.0,0.0
1410,0.2898550724637681,0.7101449275362319,0.0,0.0
1411,0.2898550724637681,0.7101449275362319,0.0,0.0
1412,0.4166666666666667,0.5833333333333334,0.0,0.0
1413,0.4166666666666667,0.5833333333333334,0.0,0.0
1414,0.35714285714285715,0.6428571428571429,0.0,0.0
1415,0.35714285714285715,0.6428571428571429,0.0,0.0
